Negotiation Type,count,percentage
rent,7228,52.99120234604106
sale,6412,47.00879765395894
