{
  "count": 6412,
  "mean": 6891.640879133787,
  "median": 6148.094816127603,
  "std": 3182.692495274854,
  "min": 755.5555555555555,
  "max": 46212.166666666664,
  "percentiles": {
    "1%": 2571.6657902735565,
    "5%": 3490.4023624953857,
    "25%": 4791.666666666667,
    "50%": 6148.094816127603,
    "75%": 8113.207547169812,
    "95%": 12774.551595744677,
    "99%": 18479.094412331462
  }
}